{
  "social media — tier 1 (global)": [
    "https://www.facebook.com",
    "https://www.instagram.com",
    "https://x.com",
    "https://www.tiktok.com",
    "https://www.youtube.com",
    "https://www.snapchat.com",
    "https://www.reddit.com",
    "https://www.pinterest.com",
    "https://www.linkedin.com",
    "https://discord.com",
    "https://www.twitch.tv",
    "https://www.threads.net",
    "https://www.whatsapp.com",
    "https://www.messenger.com",
    "https://telegram.org",
    "https://vimeo.com",
    "https://www.quora.com",
    "https://medium.com",
    "https://substack.com"
  ],

  "social media — tier 2 (alternates & creators)": [
    "https://bsky.app",
    "https://mastodon.social",
    "https://joinmastodon.org",
    "https://gab.com",
    "https://truthsocial.com",
    "https://www.minds.com",
    "https://gettr.com",
    "https://mewe.com",
    "https://www.deviantart.com",
    "https://imgur.com",
    "https://giphy.com",
    "https://soundcloud.com",
    "https://bandcamp.com",
    "https://www.patreon.com",
    "https://onlyfans.com",
    "https://kick.com",
    "https://trovo.live",
    "https://dlive.tv"
  ],

  "social media — tier 3 (regional majors)": [
    "https://vk.com",
    "https://ok.ru",
    "https://weibo.com",
    "https://qq.com",
    "https://qzone.qq.com",
    "https://tieba.baidu.com",
    "https://www.wechat.com",
    "https://www.douyin.com",
    "https://www.bilibili.com",
    "https://www.xiaohongshu.com",
    "https://xhs.com",
    "https://line.me",
    "https://www.kakao.com",
    "https://cafe.naver.com",
    "https://mixi.jp",
    "https://www.nicovideo.jp",
    "https://www.pixiv.net",
    "https://cyworld.com",
    "https://www.taringa.net",
    "https://www.skyrock.com"
  ],

  "social media — tier 4 (gaming/ugc communities)": [
    "https://www.roblox.com",
    "https://www.minecraft.net",
    "https://steamcommunity.com",
    "https://www.epicgames.com",
    "https://www.twitch.tv",
    "https://www.fortnite.com"
  ],

  "social media — photo/video & misc": [
    "https://www.flickr.com",
    "https://500px.com",
    "https://vsco.co",
    "https://www.tumblr.com",
    "https://www.pinterest.com"
  ],

  "social media — ALL": [
    "https://www.facebook.com",
    "https://www.instagram.com",
    "https://x.com",
    "https://www.tiktok.com",
    "https://www.youtube.com",
    "https://www.snapchat.com",
    "https://www.reddit.com",
    "https://www.pinterest.com",
    "https://www.linkedin.com",
    "https://discord.com",
    "https://www.twitch.tv",
    "https://www.threads.net",
    "https://www.whatsapp.com",
    "https://www.messenger.com",
    "https://telegram.org",
    "https://vimeo.com",
    "https://www.quora.com",
    "https://medium.com",
    "https://substack.com",
    "https://bsky.app",
    "https://mastodon.social",
    "https://joinmastodon.org",
    "https://gab.com",
    "https://truthsocial.com",
    "https://www.minds.com",
    "https://gettr.com",
    "https://mewe.com",
    "https://www.deviantart.com",
    "https://imgur.com",
    "https://giphy.com",
    "https://soundcloud.com",
    "https://bandcamp.com",
    "https://www.patreon.com",
    "https://onlyfans.com",
    "https://kick.com",
    "https://trovo.live",
    "https://dlive.tv",
    "https://vk.com",
    "https://ok.ru",
    "https://weibo.com",
    "https://qq.com",
    "https://qzone.qq.com",
    "https://tieba.baidu.com",
    "https://www.wechat.com",
    "https://www.douyin.com",
    "https://www.bilibili.com",
    "https://www.xiaohongshu.com",
    "https://xhs.com",
    "https://line.me",
    "https://www.kakao.com",
    "https://cafe.naver.com",
    "https://mixi.jp",
    "https://www.nicovideo.jp",
    "https://www.pixiv.net",
    "https://cyworld.com",
    "https://www.taringa.net",
    "https://www.skyrock.com",
    "https://www.roblox.com",
    "https://www.minecraft.net",
    "https://steamcommunity.com",
    "https://www.epicgames.com",
    "https://www.fortnite.com",
    "https://www.flickr.com",
    "https://500px.com",
    "https://vsco.co",
    "https://www.tumblr.com"
  ],

  "social-tier-1": [ "same list as tier 1 above" ],
  "social-tier-2": [ "same list as tier 2 above" ],
  "social-tier-3": [ "same list as tier 3 above" ],
  "social-tier-4": [ "same list as tier 4 above" ],
  "social-photo-misc": [ "same list as photo/misc above" ],
  "social-all": [ "same long combined list as ALL above" ]
}
